/home/msadegh/workspace/embedded_project/tracker/precarious_dataset/train/586.jpg,387,270,557,468,Person
/home/msadegh/workspace/embedded_project/tracker/precarious_dataset/train/676.jpg,450,153,633,281,Person
/home/msadegh/workspace/embedded_project/tracker/precarious_dataset/train/184.jpg,293,306,413,524,Person
/home/msadegh/workspace/embedded_project/tracker/precarious_dataset/train/184.jpg,384,193,523,522,Person
/home/msadegh/workspace/embedded_project/tracker/precarious_dataset/train/184.jpg,636,188,735,471,Person
/home/msadegh/workspace/embedded_project/tracker/precarious_dataset/train/584.jpg,159,157,393,530,Person
/home/msadegh/workspace/embedded_project/tracker/precarious_dataset/train/514.jpg,345,332,422,443,Person
/home/msadegh/workspace/embedded_project/tracker/precarious_dataset/train/312.jpg,418,240,545,452,Person
/home/msadegh/workspace/embedded_project/tracker/precarious_dataset/train/312.jpg,359,244,492,457,Person
/home/msadegh/workspace/embedded_project/tracker/precarious_dataset/train/312.jpg,556,272,679,491,Person
/home/msadegh/workspace/embedded_project/tracker/precarious_dataset/train/666.jpg,659,102,797,382,Person
/home/msadegh/workspace/embedded_project/tracker/precarious_dataset/train/336.jpg,387,123,501,462,Person
/home/msadegh/workspace/embedded_project/tracker/precarious_dataset/train/336.jpg,499,134,569,449,Person
/home/msadegh/workspace/embedded_project/tracker/precarious_dataset/train/314.jpg,543,347,638,545,Person
/home/msadegh/workspace/embedded_project/tracker/precarious_dataset/train/480.jpg,515,246,590,373,Person
/home/msadegh/workspace/embedded_project/tracker/precarious_dataset/train/716.jpg,499,194,655,426,Person
/home/msadegh/workspace/embedded_project/tracker/precarious_dataset/train/552.jpg,583,429,638,548,Person
/home/msadegh/workspace/embedded_project/tracker/precarious_dataset/train/552.jpg,658,441,714,578,Person
/home/msadegh/workspace/embedded_project/tracker/precarious_dataset/train/552.jpg,788,436,883,634,Person
/home/msadegh/workspace/embedded_project/tracker/precarious_dataset/train/34.jpg,469,204,661,418,Person
/home/msadegh/workspace/embedded_project/tracker/precarious_dataset/train/34.jpg,213,362,231,415,Person
/home/msadegh/workspace/embedded_project/tracker/precarious_dataset/train/34.jpg,348,384,374,424,Person
/home/msadegh/workspace/embedded_project/tracker/precarious_dataset/train/34.jpg,326,381,352,422,Person
/home/msadegh/workspace/embedded_project/tracker/precarious_dataset/train/34.jpg,723,380,736,412,Person
/home/msadegh/workspace/embedded_project/tracker/precarious_dataset/train/34.jpg,737,374,753,410,Person
/home/msadegh/workspace/embedded_project/tracker/precarious_dataset/train/34.jpg,752,369,765,409,Person
/home/msadegh/workspace/embedded_project/tracker/precarious_dataset/train/34.jpg,765,361,777,403,Person
/home/msadegh/workspace/embedded_project/tracker/precarious_dataset/train/34.jpg,778,375,797,417,Person
/home/msadegh/workspace/embedded_project/tracker/precarious_dataset/train/34.jpg,703,395,713,420,Person
/home/msadegh/workspace/embedded_project/tracker/precarious_dataset/train/862.jpg,410,282,463,387,Person
/home/msadegh/workspace/embedded_project/tracker/precarious_dataset/train/890.jpg,342,213,458,444,Person
/home/msadegh/workspace/embedded_project/tracker/precarious_dataset/train/490.jpg,368,308,428,480,Person
/home/msadegh/workspace/embedded_project/tracker/precarious_dataset/train/490.jpg,289,377,335,449,Person
/home/msadegh/workspace/embedded_project/tracker/precarious_dataset/train/112.jpg,583,221,728,655,Person
/home/msadegh/workspace/embedded_project/tracker/precarious_dataset/train/110.jpg,219,302,303,580,Person
/home/msadegh/workspace/embedded_project/tracker/precarious_dataset/train/110.jpg,327,307,421,584,Person
/home/msadegh/workspace/embedded_project/tracker/precarious_dataset/train/110.jpg,796,300,864,441,Person
/home/msadegh/workspace/embedded_project/tracker/precarious_dataset/train/22.jpg,294,169,529,521,Person
/home/msadegh/workspace/embedded_project/tracker/precarious_dataset/train/806.jpg,423,278,576,395,Person
/home/msadegh/workspace/embedded_project/tracker/precarious_dataset/train/828.jpg,623,82,807,406,Person
/home/msadegh/workspace/embedded_project/tracker/precarious_dataset/train/76.jpg,600,237,755,584,Person
/home/msadegh/workspace/embedded_project/tracker/precarious_dataset/train/354.jpg,482,493,567,600,Person
/home/msadegh/workspace/embedded_project/tracker/precarious_dataset/train/354.jpg,561,514,636,614,Person
/home/msadegh/workspace/embedded_project/tracker/precarious_dataset/train/262.jpg,481,419,541,564,Person
/home/msadegh/workspace/embedded_project/tracker/precarious_dataset/train/262.jpg,569,431,634,573,Person
/home/msadegh/workspace/embedded_project/tracker/precarious_dataset/train/262.jpg,642,431,715,572,Person
/home/msadegh/workspace/embedded_project/tracker/precarious_dataset/train/650.jpg,326,271,488,475,Person
/home/msadegh/workspace/embedded_project/tracker/precarious_dataset/train/852.jpg,486,255,533,366,Person
/home/msadegh/workspace/embedded_project/tracker/precarious_dataset/train/550.jpg,560,155,749,373,Person
/home/msadegh/workspace/embedded_project/tracker/precarious_dataset/train/646.jpg,73,75,412,359,Person
/home/msadegh/workspace/embedded_project/tracker/precarious_dataset/train/694.jpg,323,201,450,437,Person
/home/msadegh/workspace/embedded_project/tracker/precarious_dataset/train/694.jpg,561,198,694,417,Person
/home/msadegh/workspace/embedded_project/tracker/precarious_dataset/train/652.jpg,556,106,732,273,Person
/home/msadegh/workspace/embedded_project/tracker/precarious_dataset/train/792.jpg,109,185,324,513,Person
/home/msadegh/workspace/embedded_project/tracker/precarious_dataset/train/578.jpg,408,41,616,372,Person
/home/msadegh/workspace/embedded_project/tracker/precarious_dataset/train/80.jpg,745,209,835,441,Person
/home/msadegh/workspace/embedded_project/tracker/precarious_dataset/train/928.jpg,532,171,599,326,Person
/home/msadegh/workspace/embedded_project/tracker/precarious_dataset/train/764.jpg,446,247,624,526,Person
/home/msadegh/workspace/embedded_project/tracker/precarious_dataset/train/614.jpg,366,289,503,472,Person
/home/msadegh/workspace/embedded_project/tracker/precarious_dataset/train/758.jpg,226,299,384,605,Person
/home/msadegh/workspace/embedded_project/tracker/precarious_dataset/train/810.jpg,181,220,314,447,Person
/home/msadegh/workspace/embedded_project/tracker/precarious_dataset/train/558.jpg,300,199,465,492,Person
/home/msadegh/workspace/embedded_project/tracker/precarious_dataset/train/164.jpg,280,224,409,524,Person
/home/msadegh/workspace/embedded_project/tracker/precarious_dataset/train/164.jpg,435,244,518,492,Person
/home/msadegh/workspace/embedded_project/tracker/precarious_dataset/train/164.jpg,491,228,584,502,Person
/home/msadegh/workspace/embedded_project/tracker/precarious_dataset/train/164.jpg,580,228,671,504,Person
/home/msadegh/workspace/embedded_project/tracker/precarious_dataset/train/164.jpg,678,305,756,510,Person
/home/msadegh/workspace/embedded_project/tracker/precarious_dataset/train/164.jpg,740,228,825,496,Person
/home/msadegh/workspace/embedded_project/tracker/precarious_dataset/train/178.jpg,204,356,314,574,Person
/home/msadegh/workspace/embedded_project/tracker/precarious_dataset/train/178.jpg,307,392,390,568,Person
/home/msadegh/workspace/embedded_project/tracker/precarious_dataset/train/466.jpg,235,204,370,505,Person
/home/msadegh/workspace/embedded_project/tracker/precarious_dataset/train/866.jpg,240,49,427,359,Person
/home/msadegh/workspace/embedded_project/tracker/precarious_dataset/train/866.jpg,418,45,496,295,Person
/home/msadegh/workspace/embedded_project/tracker/precarious_dataset/train/866.jpg,461,64,541,314,Person
/home/msadegh/workspace/embedded_project/tracker/precarious_dataset/train/96.jpg,163,69,330,515,Person
/home/msadegh/workspace/embedded_project/tracker/precarious_dataset/train/96.jpg,522,50,643,520,Person
/home/msadegh/workspace/embedded_project/tracker/precarious_dataset/train/96.jpg,645,80,773,519,Person
/home/msadegh/workspace/embedded_project/tracker/precarious_dataset/train/834.jpg,405,498,450,604,Person
/home/msadegh/workspace/embedded_project/tracker/precarious_dataset/train/834.jpg,446,498,487,610,Person
/home/msadegh/workspace/embedded_project/tracker/precarious_dataset/train/836.jpg,663,418,706,553,Person
/home/msadegh/workspace/embedded_project/tracker/precarious_dataset/train/608.jpg,623,288,787,633,Person
/home/msadegh/workspace/embedded_project/tracker/precarious_dataset/train/492.jpg,320,140,532,467,Person
/home/msadegh/workspace/embedded_project/tracker/precarious_dataset/train/78.jpg,463,228,585,447,Person
/home/msadegh/workspace/embedded_project/tracker/precarious_dataset/train/506.jpg,315,122,460,354,Person
/home/msadegh/workspace/embedded_project/tracker/precarious_dataset/train/910.jpg,408,351,472,489,Person
/home/msadegh/workspace/embedded_project/tracker/precarious_dataset/train/910.jpg,798,372,848,467,Person
/home/msadegh/workspace/embedded_project/tracker/precarious_dataset/train/778.jpg,220,322,284,471,Person
/home/msadegh/workspace/embedded_project/tracker/precarious_dataset/train/778.jpg,359,320,427,455,Person
/home/msadegh/workspace/embedded_project/tracker/precarious_dataset/train/328.jpg,312,147,441,373,Person
/home/msadegh/workspace/embedded_project/tracker/precarious_dataset/train/180.jpg,306,417,467,549,Person
/home/msadegh/workspace/embedded_project/tracker/precarious_dataset/train/180.jpg,475,374,570,546,Person
/home/msadegh/workspace/embedded_project/tracker/precarious_dataset/train/180.jpg,550,223,695,426,Person
/home/msadegh/workspace/embedded_project/tracker/precarious_dataset/train/104.jpg,390,78,585,394,Person
/home/msadegh/workspace/embedded_project/tracker/precarious_dataset/train/734.jpg,545,255,756,580,Person
/home/msadegh/workspace/embedded_project/tracker/precarious_dataset/train/734.jpg,788,321,814,386,Person
/home/msadegh/workspace/embedded_project/tracker/precarious_dataset/train/734.jpg,771,320,792,383,Person
/home/msadegh/workspace/embedded_project/tracker/precarious_dataset/train/734.jpg,205,293,224,352,Person
/home/msadegh/workspace/embedded_project/tracker/precarious_dataset/train/734.jpg,243,300,264,354,Person
/home/msadegh/workspace/embedded_project/tracker/precarious_dataset/train/734.jpg,275,306,293,351,Person
/home/msadegh/workspace/embedded_project/tracker/precarious_dataset/train/734.jpg,295,297,309,347,Person
/home/msadegh/workspace/embedded_project/tracker/precarious_dataset/train/878.jpg,96,318,401,658,Person
/home/msadegh/workspace/embedded_project/tracker/precarious_dataset/train/714.jpg,378,402,551,683,Person
/home/msadegh/workspace/embedded_project/tracker/precarious_dataset/train/150.jpg,261,114,405,476,Person
/home/msadegh/workspace/embedded_project/tracker/precarious_dataset/train/150.jpg,462,132,565,431,Person
/home/msadegh/workspace/embedded_project/tracker/precarious_dataset/train/632.jpg,297,142,640,529,Person
/home/msadegh/workspace/embedded_project/tracker/precarious_dataset/train/252.jpg,312,145,419,436,Person
/home/msadegh/workspace/embedded_project/tracker/precarious_dataset/train/882.jpg,393,338,478,525,Person
/home/msadegh/workspace/embedded_project/tracker/precarious_dataset/train/920.jpg,676,453,735,569,Person
/home/msadegh/workspace/embedded_project/tracker/precarious_dataset/train/808.jpg,334,375,460,586,Person
/home/msadegh/workspace/embedded_project/tracker/precarious_dataset/train/232.jpg,409,349,554,576,Person
/home/msadegh/workspace/embedded_project/tracker/precarious_dataset/train/274.jpg,627,208,694,359,Person
/home/msadegh/workspace/embedded_project/tracker/precarious_dataset/train/790.jpg,577,160,705,488,Person
/home/msadegh/workspace/embedded_project/tracker/precarious_dataset/train/790.jpg,708,279,761,439,Person
/home/msadegh/workspace/embedded_project/tracker/precarious_dataset/train/594.jpg,365,76,497,425,Person
/home/msadegh/workspace/embedded_project/tracker/precarious_dataset/train/594.jpg,470,137,583,461,Person
/home/msadegh/workspace/embedded_project/tracker/precarious_dataset/train/594.jpg,635,173,736,428,Person
/home/msadegh/workspace/embedded_project/tracker/precarious_dataset/train/594.jpg,646,66,784,336,Person
/home/msadegh/workspace/embedded_project/tracker/precarious_dataset/train/662.jpg,253,249,372,459,Person
/home/msadegh/workspace/embedded_project/tracker/precarious_dataset/train/880.jpg,484,405,595,621,Person
/home/msadegh/workspace/embedded_project/tracker/precarious_dataset/train/422.jpg,325,354,429,651,Person
/home/msadegh/workspace/embedded_project/tracker/precarious_dataset/train/422.jpg,444,335,556,554,Person
/home/msadegh/workspace/embedded_project/tracker/precarious_dataset/train/924.jpg,441,349,501,485,Person
/home/msadegh/workspace/embedded_project/tracker/precarious_dataset/train/92.jpg,304,319,410,621,Person
/home/msadegh/workspace/embedded_project/tracker/precarious_dataset/train/92.jpg,390,314,519,611,Person
/home/msadegh/workspace/embedded_project/tracker/precarious_dataset/train/132.jpg,596,378,749,662,Person
/home/msadegh/workspace/embedded_project/tracker/precarious_dataset/train/802.jpg,284,240,398,523,Person
/home/msadegh/workspace/embedded_project/tracker/precarious_dataset/train/476.jpg,444,261,616,558,Person
/home/msadegh/workspace/embedded_project/tracker/precarious_dataset/train/820.jpg,479,233,593,551,Person
/home/msadegh/workspace/embedded_project/tracker/precarious_dataset/train/860.jpg,374,123,445,220,Person
/home/msadegh/workspace/embedded_project/tracker/precarious_dataset/train/308.jpg,346,295,498,590,Person
/home/msadegh/workspace/embedded_project/tracker/precarious_dataset/train/320.jpg,461,338,601,684,Person
/home/msadegh/workspace/embedded_project/tracker/precarious_dataset/train/320.jpg,652,332,765,686,Person
/home/msadegh/workspace/embedded_project/tracker/precarious_dataset/train/402.jpg,545,383,614,580,Person
/home/msadegh/workspace/embedded_project/tracker/precarious_dataset/train/220.jpg,509,179,644,522,Person
/home/msadegh/workspace/embedded_project/tracker/precarious_dataset/train/4.jpg,575,231,788,686,Person
/home/msadegh/workspace/embedded_project/tracker/precarious_dataset/train/4.jpg,542,352,576,424,Person
/home/msadegh/workspace/embedded_project/tracker/precarious_dataset/train/4.jpg,433,325,467,417,Person
/home/msadegh/workspace/embedded_project/tracker/precarious_dataset/train/4.jpg,178,320,226,356,Person
/home/msadegh/workspace/embedded_project/tracker/precarious_dataset/train/4.jpg,250,322,300,352,Person
/home/msadegh/workspace/embedded_project/tracker/precarious_dataset/train/4.jpg,297,314,338,350,Person
/home/msadegh/workspace/embedded_project/tracker/precarious_dataset/train/454.jpg,123,42,606,390,Person
/home/msadegh/workspace/embedded_project/tracker/precarious_dataset/train/740.jpg,609,301,675,466,Person
/home/msadegh/workspace/embedded_project/tracker/precarious_dataset/train/740.jpg,734,340,773,419,Person
/home/msadegh/workspace/embedded_project/tracker/precarious_dataset/train/46.jpg,309,213,429,555,Person
/home/msadegh/workspace/embedded_project/tracker/precarious_dataset/train/46.jpg,111,395,220,522,Person
/home/msadegh/workspace/embedded_project/tracker/precarious_dataset/train/712.jpg,600,295,705,438,Person
/home/msadegh/workspace/embedded_project/tracker/precarious_dataset/train/894.jpg,593,408,649,556,Person
/home/msadegh/workspace/embedded_project/tracker/precarious_dataset/train/410.jpg,295,289,457,559,Person
/home/msadegh/workspace/embedded_project/tracker/precarious_dataset/train/146.jpg,104,533,167,667,Person
/home/msadegh/workspace/embedded_project/tracker/precarious_dataset/train/286.jpg,632,467,841,630,Person
/home/msadegh/workspace/embedded_project/tracker/precarious_dataset/train/120.jpg,615,265,695,389,Person
/home/msadegh/workspace/embedded_project/tracker/precarious_dataset/train/768.jpg,308,275,441,443,Person
/home/msadegh/workspace/embedded_project/tracker/precarious_dataset/train/106.jpg,361,217,413,360,Person
/home/msadegh/workspace/embedded_project/tracker/precarious_dataset/train/846.jpg,570,330,627,449,Person
/home/msadegh/workspace/embedded_project/tracker/precarious_dataset/train/846.jpg,706,389,774,431,Person
/home/msadegh/workspace/embedded_project/tracker/precarious_dataset/train/406.jpg,392,255,483,430,Person
/home/msadegh/workspace/embedded_project/tracker/precarious_dataset/train/814.jpg,283,350,541,612,Person
/home/msadegh/workspace/embedded_project/tracker/precarious_dataset/train/294.jpg,392,261,659,603,Person
/home/msadegh/workspace/embedded_project/tracker/precarious_dataset/train/534.jpg,279,304,413,546,Person
/home/msadegh/workspace/embedded_project/tracker/precarious_dataset/train/534.jpg,422,341,447,367,Person
/home/msadegh/workspace/embedded_project/tracker/precarious_dataset/train/534.jpg,480,341,496,386,Person
/home/msadegh/workspace/embedded_project/tracker/precarious_dataset/train/534.jpg,498,332,519,369,Person
/home/msadegh/workspace/embedded_project/tracker/precarious_dataset/train/728.jpg,390,100,573,354,Person
/home/msadegh/workspace/embedded_project/tracker/precarious_dataset/train/642.jpg,240,290,295,423,Person
/home/msadegh/workspace/embedded_project/tracker/precarious_dataset/train/440.jpg,670,255,773,467,Person
/home/msadegh/workspace/embedded_project/tracker/precarious_dataset/train/440.jpg,513,246,630,501,Person
/home/msadegh/workspace/embedded_project/tracker/precarious_dataset/train/440.jpg,399,197,538,591,Person
/home/msadegh/workspace/embedded_project/tracker/precarious_dataset/train/922.jpg,352,456,466,694,Person
/home/msadegh/workspace/embedded_project/tracker/precarious_dataset/train/606.jpg,290,78,436,261,Person
/home/msadegh/workspace/embedded_project/tracker/precarious_dataset/train/700.jpg,234,285,530,497,Person
/home/msadegh/workspace/embedded_project/tracker/precarious_dataset/train/554.jpg,350,187,468,479,Person
/home/msadegh/workspace/embedded_project/tracker/precarious_dataset/train/138.jpg,378,59,586,399,Person
/home/msadegh/workspace/embedded_project/tracker/precarious_dataset/train/616.jpg,438,326,555,585,Person
/home/msadegh/workspace/embedded_project/tracker/precarious_dataset/train/616.jpg,555,320,660,596,Person
/home/msadegh/workspace/embedded_project/tracker/precarious_dataset/train/616.jpg,677,255,878,619,Person
/home/msadegh/workspace/embedded_project/tracker/precarious_dataset/train/218.jpg,81,210,154,422,Person
/home/msadegh/workspace/embedded_project/tracker/precarious_dataset/train/218.jpg,426,220,617,517,Person
/home/msadegh/workspace/embedded_project/tracker/precarious_dataset/train/388.jpg,664,282,803,523,Person
/home/msadegh/workspace/embedded_project/tracker/precarious_dataset/train/524.jpg,323,380,558,647,Person
/home/msadegh/workspace/embedded_project/tracker/precarious_dataset/train/658.jpg,342,11,673,336,Person
/home/msadegh/workspace/embedded_project/tracker/precarious_dataset/train/12.jpg,297,168,482,554,Person
/home/msadegh/workspace/embedded_project/tracker/precarious_dataset/train/844.jpg,355,338,516,406,Person
/home/msadegh/workspace/embedded_project/tracker/precarious_dataset/train/546.jpg,568,255,723,518,Person
/home/msadegh/workspace/embedded_project/tracker/precarious_dataset/train/670.jpg,420,387,615,622,Person
/home/msadegh/workspace/embedded_project/tracker/precarious_dataset/train/522.jpg,476,264,657,590,Person
/home/msadegh/workspace/embedded_project/tracker/precarious_dataset/train/364.jpg,244,241,581,481,Person
/home/msadegh/workspace/embedded_project/tracker/precarious_dataset/train/580.jpg,280,278,473,534,Person
/home/msadegh/workspace/embedded_project/tracker/precarious_dataset/train/918.jpg,716,491,781,612,Person
/home/msadegh/workspace/embedded_project/tracker/precarious_dataset/train/482.jpg,436,265,575,544,Person
/home/msadegh/workspace/embedded_project/tracker/precarious_dataset/train/482.jpg,571,245,767,554,Person
/home/msadegh/workspace/embedded_project/tracker/precarious_dataset/train/730.jpg,332,346,486,618,Person
/home/msadegh/workspace/embedded_project/tracker/precarious_dataset/train/572.jpg,321,148,472,347,Person
/home/msadegh/workspace/embedded_project/tracker/precarious_dataset/train/912.jpg,374,139,460,317,Person
/home/msadegh/workspace/embedded_project/tracker/precarious_dataset/train/912.jpg,511,155,558,300,Person
/home/msadegh/workspace/embedded_project/tracker/precarious_dataset/train/912.jpg,778,161,841,293,Person
/home/msadegh/workspace/embedded_project/tracker/precarious_dataset/train/528.jpg,133,321,296,580,Person
/home/msadegh/workspace/embedded_project/tracker/precarious_dataset/train/6.jpg,162,199,260,477,Person
/home/msadegh/workspace/embedded_project/tracker/precarious_dataset/train/648.jpg,469,350,681,645,Person
/home/msadegh/workspace/embedded_project/tracker/precarious_dataset/train/260.jpg,134,107,284,410,Person
/home/msadegh/workspace/embedded_project/tracker/precarious_dataset/train/260.jpg,266,100,403,437,Person
/home/msadegh/workspace/embedded_project/tracker/precarious_dataset/train/260.jpg,419,68,585,417,Person
/home/msadegh/workspace/embedded_project/tracker/precarious_dataset/train/942.jpg,214,421,305,597,Person
/home/msadegh/workspace/embedded_project/tracker/precarious_dataset/train/826.jpg,229,305,476,532,Person
/home/msadegh/workspace/embedded_project/tracker/precarious_dataset/train/446.jpg,453,25,647,493,Person
/home/msadegh/workspace/embedded_project/tracker/precarious_dataset/train/446.jpg,657,71,797,458,Person
/home/msadegh/workspace/embedded_project/tracker/precarious_dataset/train/446.jpg,680,41,865,458,Person
/home/msadegh/workspace/embedded_project/tracker/precarious_dataset/train/446.jpg,795,119,951,431,Person
/home/msadegh/workspace/embedded_project/tracker/precarious_dataset/train/446.jpg,876,12,954,426,Person
/home/msadegh/workspace/embedded_project/tracker/precarious_dataset/train/56.jpg,181,452,213,536,Person
/home/msadegh/workspace/embedded_project/tracker/precarious_dataset/train/56.jpg,336,478,382,574,Person
/home/msadegh/workspace/embedded_project/tracker/precarious_dataset/train/168.jpg,422,140,569,482,Person
/home/msadegh/workspace/embedded_project/tracker/precarious_dataset/train/168.jpg,609,27,673,199,Person
/home/msadegh/workspace/embedded_project/tracker/precarious_dataset/train/168.jpg,668,27,732,228,Person
/home/msadegh/workspace/embedded_project/tracker/precarious_dataset/train/168.jpg,730,29,805,212,Person
/home/msadegh/workspace/embedded_project/tracker/precarious_dataset/train/566.jpg,304,219,484,438,Person
/home/msadegh/workspace/embedded_project/tracker/precarious_dataset/train/372.jpg,246,149,437,517,Person
/home/msadegh/workspace/embedded_project/tracker/precarious_dataset/train/672.jpg,655,147,795,389,Person
/home/msadegh/workspace/embedded_project/tracker/precarious_dataset/train/276.jpg,629,376,708,577,Person
/home/msadegh/workspace/embedded_project/tracker/precarious_dataset/train/8.jpg,223,285,723,524,Person
/home/msadegh/workspace/embedded_project/tracker/precarious_dataset/train/330.jpg,448,267,560,508,Person
/home/msadegh/workspace/embedded_project/tracker/precarious_dataset/train/26.jpg,583,92,825,501,Person
/home/msadegh/workspace/embedded_project/tracker/precarious_dataset/train/562.jpg,662,101,789,308,Person
/home/msadegh/workspace/embedded_project/tracker/precarious_dataset/train/360.jpg,384,175,573,504,Person
/home/msadegh/workspace/embedded_project/tracker/precarious_dataset/train/116.jpg,363,194,438,505,Person
/home/msadegh/workspace/embedded_project/tracker/precarious_dataset/train/116.jpg,453,218,490,308,Person
/home/msadegh/workspace/embedded_project/tracker/precarious_dataset/train/116.jpg,536,243,586,298,Person
/home/msadegh/workspace/embedded_project/tracker/precarious_dataset/train/116.jpg,570,245,717,574,Person
/home/msadegh/workspace/embedded_project/tracker/precarious_dataset/train/116.jpg,284,146,305,198,Person
/home/msadegh/workspace/embedded_project/tracker/precarious_dataset/train/116.jpg,264,135,287,183,Person
/home/msadegh/workspace/embedded_project/tracker/precarious_dataset/train/116.jpg,226,144,251,172,Person
/home/msadegh/workspace/embedded_project/tracker/precarious_dataset/train/116.jpg,219,167,253,224,Person
/home/msadegh/workspace/embedded_project/tracker/precarious_dataset/train/116.jpg,782,236,830,297,Person
/home/msadegh/workspace/embedded_project/tracker/precarious_dataset/train/116.jpg,817,198,851,318,Person
/home/msadegh/workspace/embedded_project/tracker/precarious_dataset/train/116.jpg,743,207,779,257,Person
/home/msadegh/workspace/embedded_project/tracker/precarious_dataset/train/516.jpg,248,148,489,516,Person
/home/msadegh/workspace/embedded_project/tracker/precarious_dataset/train/268.jpg,236,306,334,459,Person
/home/msadegh/workspace/embedded_project/tracker/precarious_dataset/train/268.jpg,351,254,400,381,Person
/home/msadegh/workspace/embedded_project/tracker/precarious_dataset/train/268.jpg,565,250,649,376,Person
/home/msadegh/workspace/embedded_project/tracker/precarious_dataset/train/370.jpg,345,175,483,517,Person
/home/msadegh/workspace/embedded_project/tracker/precarious_dataset/train/370.jpg,433,164,562,462,Person
/home/msadegh/workspace/embedded_project/tracker/precarious_dataset/train/370.jpg,520,168,648,495,Person
/home/msadegh/workspace/embedded_project/tracker/precarious_dataset/train/40.jpg,480,81,683,515,Person
/home/msadegh/workspace/embedded_project/tracker/precarious_dataset/train/688.jpg,339,264,440,456,Person
/home/msadegh/workspace/embedded_project/tracker/precarious_dataset/train/688.jpg,590,304,674,472,Person
/home/msadegh/workspace/embedded_project/tracker/precarious_dataset/train/200.jpg,507,254,607,444,Person
/home/msadegh/workspace/embedded_project/tracker/precarious_dataset/train/848.jpg,522,486,563,534,Person
/home/msadegh/workspace/embedded_project/tracker/precarious_dataset/train/582.jpg,432,364,503,567,Person
/home/msadegh/workspace/embedded_project/tracker/precarious_dataset/train/582.jpg,558,295,676,626,Person
/home/msadegh/workspace/embedded_project/tracker/precarious_dataset/train/896.jpg,309,359,434,678,Person
/home/msadegh/workspace/embedded_project/tracker/precarious_dataset/train/868.jpg,174,379,280,495,Person
/home/msadegh/workspace/embedded_project/tracker/precarious_dataset/train/868.jpg,423,362,579,570,Person
/home/msadegh/workspace/embedded_project/tracker/precarious_dataset/train/776.jpg,503,165,738,505,Person
/home/msadegh/workspace/embedded_project/tracker/precarious_dataset/train/334.jpg,411,221,526,452,Person
/home/msadegh/workspace/embedded_project/tracker/precarious_dataset/train/656.jpg,218,327,278,498,Person
/home/msadegh/workspace/embedded_project/tracker/precarious_dataset/train/656.jpg,291,324,342,493,Person
/home/msadegh/workspace/embedded_project/tracker/precarious_dataset/train/656.jpg,372,258,498,604,Person
/home/msadegh/workspace/embedded_project/tracker/precarious_dataset/train/656.jpg,498,267,604,595,Person
/home/msadegh/workspace/embedded_project/tracker/precarious_dataset/train/656.jpg,839,299,884,429,Person
/home/msadegh/workspace/embedded_project/tracker/precarious_dataset/train/944.jpg,207,489,285,613,Person
/home/msadegh/workspace/embedded_project/tracker/precarious_dataset/train/870.jpg,445,181,803,427,Person
/home/msadegh/workspace/embedded_project/tracker/precarious_dataset/train/838.jpg,699,456,755,583,Person
/home/msadegh/workspace/embedded_project/tracker/precarious_dataset/train/838.jpg,744,476,783,582,Person
/home/msadegh/workspace/embedded_project/tracker/precarious_dataset/train/264.jpg,558,172,675,397,Person
/home/msadegh/workspace/embedded_project/tracker/precarious_dataset/train/258.jpg,91,207,227,405,Person
/home/msadegh/workspace/embedded_project/tracker/precarious_dataset/train/258.jpg,271,265,427,452,Person
/home/msadegh/workspace/embedded_project/tracker/precarious_dataset/train/464.jpg,567,248,678,510,Person
/home/msadegh/workspace/embedded_project/tracker/precarious_dataset/train/54.jpg,382,180,515,378,Person
/home/msadegh/workspace/embedded_project/tracker/precarious_dataset/train/54.jpg,578,191,666,383,Person
/home/msadegh/workspace/embedded_project/tracker/precarious_dataset/train/800.jpg,365,397,581,628,Person
/home/msadegh/workspace/embedded_project/tracker/precarious_dataset/train/300.jpg,205,226,273,405,Person
/home/msadegh/workspace/embedded_project/tracker/precarious_dataset/train/300.jpg,301,211,405,456,Person
/home/msadegh/workspace/embedded_project/tracker/precarious_dataset/train/500.jpg,321,157,581,572,Person
/home/msadegh/workspace/embedded_project/tracker/precarious_dataset/train/638.jpg,438,19,548,231,Person
/home/msadegh/workspace/embedded_project/tracker/precarious_dataset/train/706.jpg,190,340,401,661,Person
/home/msadegh/workspace/embedded_project/tracker/precarious_dataset/train/124.jpg,345,282,431,406,Person
/home/msadegh/workspace/embedded_project/tracker/precarious_dataset/train/124.jpg,460,355,661,615,Person
/home/msadegh/workspace/embedded_project/tracker/precarious_dataset/train/124.jpg,694,282,808,430,Person
/home/msadegh/workspace/embedded_project/tracker/precarious_dataset/train/432.jpg,259,127,394,433,Person
/home/msadegh/workspace/embedded_project/tracker/precarious_dataset/train/432.jpg,430,110,595,446,Person
/home/msadegh/workspace/embedded_project/tracker/precarious_dataset/train/212.jpg,494,130,618,632,Person
/home/msadegh/workspace/embedded_project/tracker/precarious_dataset/train/340.jpg,262,118,427,385,Person
/home/msadegh/workspace/embedded_project/tracker/precarious_dataset/train/940.jpg,178,368,292,568,Person
/home/msadegh/workspace/embedded_project/tracker/precarious_dataset/train/398.jpg,644,309,720,555,Person
/home/msadegh/workspace/embedded_project/tracker/precarious_dataset/train/398.jpg,558,281,646,583,Person
/home/msadegh/workspace/embedded_project/tracker/precarious_dataset/train/398.jpg,490,259,616,566,Person
/home/msadegh/workspace/embedded_project/tracker/precarious_dataset/train/398.jpg,422,229,548,602,Person
/home/msadegh/workspace/embedded_project/tracker/precarious_dataset/train/398.jpg,243,179,478,598,Person
/home/msadegh/workspace/embedded_project/tracker/precarious_dataset/train/256.jpg,326,164,561,575,Person
/home/msadegh/workspace/embedded_project/tracker/precarious_dataset/train/140.jpg,130,98,236,389,Person
/home/msadegh/workspace/embedded_project/tracker/precarious_dataset/train/140.jpg,244,121,312,370,Person
/home/msadegh/workspace/embedded_project/tracker/precarious_dataset/train/140.jpg,325,214,398,379,Person
/home/msadegh/workspace/embedded_project/tracker/precarious_dataset/train/140.jpg,375,89,493,392,Person
/home/msadegh/workspace/embedded_project/tracker/precarious_dataset/train/610.jpg,424,447,511,591,Person
/home/msadegh/workspace/embedded_project/tracker/precarious_dataset/train/416.jpg,451,135,564,485,Person
/home/msadegh/workspace/embedded_project/tracker/precarious_dataset/train/416.jpg,583,119,681,384,Person
/home/msadegh/workspace/embedded_project/tracker/precarious_dataset/train/416.jpg,696,148,756,318,Person
/home/msadegh/workspace/embedded_project/tracker/precarious_dataset/train/416.jpg,810,163,849,271,Person
/home/msadegh/workspace/embedded_project/tracker/precarious_dataset/train/512.jpg,415,277,592,587,Person
/home/msadegh/workspace/embedded_project/tracker/precarious_dataset/train/556.jpg,124,179,167,267,Person
/home/msadegh/workspace/embedded_project/tracker/precarious_dataset/train/556.jpg,352,166,448,358,Person
/home/msadegh/workspace/embedded_project/tracker/precarious_dataset/train/654.jpg,56,258,183,470,Person
/home/msadegh/workspace/embedded_project/tracker/precarious_dataset/train/66.jpg,404,77,546,577,Person
/home/msadegh/workspace/embedded_project/tracker/precarious_dataset/train/436.jpg,328,302,427,471,Person
/home/msadegh/workspace/embedded_project/tracker/precarious_dataset/train/436.jpg,509,290,635,502,Person
/home/msadegh/workspace/embedded_project/tracker/precarious_dataset/train/436.jpg,632,247,778,553,Person
/home/msadegh/workspace/embedded_project/tracker/precarious_dataset/train/366.jpg,483,152,612,447,Person
/home/msadegh/workspace/embedded_project/tracker/precarious_dataset/train/144.jpg,304,275,409,472,Person
/home/msadegh/workspace/embedded_project/tracker/precarious_dataset/train/144.jpg,383,299,469,496,Person
/home/msadegh/workspace/embedded_project/tracker/precarious_dataset/train/144.jpg,456,315,613,507,Person
/home/msadegh/workspace/embedded_project/tracker/precarious_dataset/train/532.jpg,490,385,529,510,Person
/home/msadegh/workspace/embedded_project/tracker/precarious_dataset/train/242.jpg,245,199,372,436,Person
/home/msadegh/workspace/embedded_project/tracker/precarious_dataset/train/242.jpg,362,55,511,458,Person
/home/msadegh/workspace/embedded_project/tracker/precarious_dataset/train/100.jpg,517,112,647,461,Person
/home/msadegh/workspace/embedded_project/tracker/precarious_dataset/train/272.jpg,310,178,423,391,Person
/home/msadegh/workspace/embedded_project/tracker/precarious_dataset/train/196.jpg,304,59,512,460,Person
/home/msadegh/workspace/embedded_project/tracker/precarious_dataset/train/160.jpg,445,374,550,532,Person
/home/msadegh/workspace/embedded_project/tracker/precarious_dataset/train/160.jpg,527,317,625,542,Person
/home/msadegh/workspace/embedded_project/tracker/precarious_dataset/train/2.jpg,365,200,516,647,Person
/home/msadegh/workspace/embedded_project/tracker/precarious_dataset/train/438.jpg,197,147,404,606,Person
/home/msadegh/workspace/embedded_project/tracker/precarious_dataset/train/460.jpg,287,172,498,654,Person
/home/msadegh/workspace/embedded_project/tracker/precarious_dataset/train/396.jpg,296,49,433,430,Person
/home/msadegh/workspace/embedded_project/tracker/precarious_dataset/train/206.jpg,184,222,414,700,Person
/home/msadegh/workspace/embedded_project/tracker/precarious_dataset/train/206.jpg,395,273,545,572,Person
/home/msadegh/workspace/embedded_project/tracker/precarious_dataset/train/474.jpg,233,207,679,424,Person
/home/msadegh/workspace/embedded_project/tracker/precarious_dataset/train/720.jpg,282,163,432,377,Person
/home/msadegh/workspace/embedded_project/tracker/precarious_dataset/train/900.jpg,384,354,437,449,Person
/home/msadegh/workspace/embedded_project/tracker/precarious_dataset/train/240.jpg,573,22,711,351,Person
/home/msadegh/workspace/embedded_project/tracker/precarious_dataset/train/50.jpg,697,135,798,478,Person
/home/msadegh/workspace/embedded_project/tracker/precarious_dataset/train/48.jpg,340,283,577,564,Person
/home/msadegh/workspace/embedded_project/tracker/precarious_dataset/train/48.jpg,273,189,349,310,Person
/home/msadegh/workspace/embedded_project/tracker/precarious_dataset/train/932.jpg,294,145,429,405,Person
/home/msadegh/workspace/embedded_project/tracker/precarious_dataset/train/70.jpg,302,198,420,520,Person
/home/msadegh/workspace/embedded_project/tracker/precarious_dataset/train/724.jpg,76,283,235,661,Person
/home/msadegh/workspace/embedded_project/tracker/precarious_dataset/train/28.jpg,436,196,622,355,Person
/home/msadegh/workspace/embedded_project/tracker/precarious_dataset/train/28.jpg,739,293,849,588,Person
/home/msadegh/workspace/embedded_project/tracker/precarious_dataset/train/380.jpg,265,54,463,432,Person
/home/msadegh/workspace/embedded_project/tracker/precarious_dataset/train/380.jpg,389,38,536,384,Person
/home/msadegh/workspace/embedded_project/tracker/precarious_dataset/train/708.jpg,397,94,517,383,Person
/home/msadegh/workspace/embedded_project/tracker/precarious_dataset/train/708.jpg,687,101,808,353,Person
/home/msadegh/workspace/embedded_project/tracker/precarious_dataset/train/946.jpg,342,159,411,327,Person
/home/msadegh/workspace/embedded_project/tracker/precarious_dataset/train/484.jpg,405,182,526,465,Person
/home/msadegh/workspace/embedded_project/tracker/precarious_dataset/train/484.jpg,466,101,582,409,Person
/home/msadegh/workspace/embedded_project/tracker/precarious_dataset/train/760.jpg,503,202,590,328,Person
/home/msadegh/workspace/embedded_project/tracker/precarious_dataset/train/622.jpg,495,372,581,539,Person
/home/msadegh/workspace/embedded_project/tracker/precarious_dataset/train/622.jpg,595,361,658,505,Person
/home/msadegh/workspace/embedded_project/tracker/precarious_dataset/train/622.jpg,666,350,726,525,Person
/home/msadegh/workspace/embedded_project/tracker/precarious_dataset/train/14.jpg,357,169,450,437,Person
/home/msadegh/workspace/embedded_project/tracker/precarious_dataset/train/14.jpg,589,193,739,437,Person
/home/msadegh/workspace/embedded_project/tracker/precarious_dataset/train/690.jpg,356,139,618,496,Person
/home/msadegh/workspace/embedded_project/tracker/precarious_dataset/train/468.jpg,429,126,635,622,Person
/home/msadegh/workspace/embedded_project/tracker/precarious_dataset/train/636.jpg,358,106,516,454,Person
/home/msadegh/workspace/embedded_project/tracker/precarious_dataset/train/592.jpg,533,246,611,433,Person
/home/msadegh/workspace/embedded_project/tracker/precarious_dataset/train/62.jpg,669,326,696,404,Person
/home/msadegh/workspace/embedded_project/tracker/precarious_dataset/train/62.jpg,736,307,788,460,Person
/home/msadegh/workspace/embedded_project/tracker/precarious_dataset/train/134.jpg,250,311,329,462,Person
/home/msadegh/workspace/embedded_project/tracker/precarious_dataset/train/134.jpg,375,315,459,533,Person
/home/msadegh/workspace/embedded_project/tracker/precarious_dataset/train/574.jpg,287,299,443,543,Person
/home/msadegh/workspace/embedded_project/tracker/precarious_dataset/train/840.jpg,516,290,566,392,Person
/home/msadegh/workspace/embedded_project/tracker/precarious_dataset/train/840.jpg,561,306,591,398,Person
/home/msadegh/workspace/embedded_project/tracker/precarious_dataset/train/384.jpg,668,265,801,401,Person
/home/msadegh/workspace/embedded_project/tracker/precarious_dataset/train/198.jpg,333,229,448,440,Person
/home/msadegh/workspace/embedded_project/tracker/precarious_dataset/train/198.jpg,664,208,753,402,Person
/home/msadegh/workspace/embedded_project/tracker/precarious_dataset/train/424.jpg,486,251,586,433,Person
/home/msadegh/workspace/embedded_project/tracker/precarious_dataset/train/424.jpg,380,172,479,447,Person
/home/msadegh/workspace/embedded_project/tracker/precarious_dataset/train/908.jpg,459,329,629,489,Person
/home/msadegh/workspace/embedded_project/tracker/precarious_dataset/train/306.jpg,368,297,499,591,Person
/home/msadegh/workspace/embedded_project/tracker/precarious_dataset/train/306.jpg,647,254,764,613,Person
/home/msadegh/workspace/embedded_project/tracker/precarious_dataset/train/238.jpg,226,190,535,612,Person
/home/msadegh/workspace/embedded_project/tracker/precarious_dataset/train/238.jpg,617,227,849,623,Person
/home/msadegh/workspace/embedded_project/tracker/precarious_dataset/train/188.jpg,116,250,250,568,Person
/home/msadegh/workspace/embedded_project/tracker/precarious_dataset/train/188.jpg,262,255,360,562,Person
/home/msadegh/workspace/embedded_project/tracker/precarious_dataset/train/188.jpg,328,255,457,528,Person
/home/msadegh/workspace/embedded_project/tracker/precarious_dataset/train/748.jpg,535,97,756,300,Person
/home/msadegh/workspace/embedded_project/tracker/precarious_dataset/train/568.jpg,495,211,562,441,Person
/home/msadegh/workspace/embedded_project/tracker/precarious_dataset/train/568.jpg,644,212,771,530,Person
/home/msadegh/workspace/embedded_project/tracker/precarious_dataset/train/568.jpg,163,207,201,281,Person
/home/msadegh/workspace/embedded_project/tracker/precarious_dataset/train/568.jpg,187,195,234,278,Person
/home/msadegh/workspace/embedded_project/tracker/precarious_dataset/train/568.jpg,233,202,283,259,Person
/home/msadegh/workspace/embedded_project/tracker/precarious_dataset/train/568.jpg,558,202,590,269,Person
/home/msadegh/workspace/embedded_project/tracker/precarious_dataset/train/568.jpg,409,187,451,234,Person
/home/msadegh/workspace/embedded_project/tracker/precarious_dataset/train/568.jpg,455,199,497,287,Person
/home/msadegh/workspace/embedded_project/tracker/precarious_dataset/train/568.jpg,297,199,346,232,Person
/home/msadegh/workspace/embedded_project/tracker/precarious_dataset/train/674.jpg,148,340,253,614,Person
/home/msadegh/workspace/embedded_project/tracker/precarious_dataset/train/674.jpg,265,332,343,540,Person
/home/msadegh/workspace/embedded_project/tracker/precarious_dataset/train/674.jpg,347,344,421,512,Person
/home/msadegh/workspace/embedded_project/tracker/precarious_dataset/train/60.jpg,242,354,294,390,Person
/home/msadegh/workspace/embedded_project/tracker/precarious_dataset/train/60.jpg,298,340,358,635,Person
/home/msadegh/workspace/embedded_project/tracker/precarious_dataset/train/60.jpg,351,325,439,651,Person
/home/msadegh/workspace/embedded_project/tracker/precarious_dataset/train/324.jpg,378,255,471,529,Person
/home/msadegh/workspace/embedded_project/tracker/precarious_dataset/train/324.jpg,497,269,598,532,Person
/home/msadegh/workspace/embedded_project/tracker/precarious_dataset/train/324.jpg,630,264,720,538,Person
/home/msadegh/workspace/embedded_project/tracker/precarious_dataset/train/68.jpg,320,174,449,460,Person
/home/msadegh/workspace/embedded_project/tracker/precarious_dataset/train/68.jpg,158,276,327,663,Person
/home/msadegh/workspace/embedded_project/tracker/precarious_dataset/train/356.jpg,210,148,280,315,Person
/home/msadegh/workspace/embedded_project/tracker/precarious_dataset/train/356.jpg,283,107,413,250,Person
/home/msadegh/workspace/embedded_project/tracker/precarious_dataset/train/356.jpg,391,174,491,376,Person
/home/msadegh/workspace/embedded_project/tracker/precarious_dataset/train/356.jpg,564,136,636,300,Person
/home/msadegh/workspace/embedded_project/tracker/precarious_dataset/train/356.jpg,682,106,785,363,Person
/home/msadegh/workspace/embedded_project/tracker/precarious_dataset/train/786.jpg,519,245,660,482,Person
/home/msadegh/workspace/embedded_project/tracker/precarious_dataset/train/166.jpg,230,246,304,416,Person
/home/msadegh/workspace/embedded_project/tracker/precarious_dataset/train/166.jpg,662,267,742,449,Person
/home/msadegh/workspace/embedded_project/tracker/precarious_dataset/train/710.jpg,309,199,395,365,Person
/home/msadegh/workspace/embedded_project/tracker/precarious_dataset/train/74.jpg,292,388,419,585,Person
/home/msadegh/workspace/embedded_project/tracker/precarious_dataset/train/74.jpg,494,392,598,599,Person
/home/msadegh/workspace/embedded_project/tracker/precarious_dataset/train/916.jpg,484,301,553,432,Person
/home/msadegh/workspace/embedded_project/tracker/precarious_dataset/train/858.jpg,413,282,495,398,Person
/home/msadegh/workspace/embedded_project/tracker/precarious_dataset/train/774.jpg,372,349,482,532,Person
/home/msadegh/workspace/embedded_project/tracker/precarious_dataset/train/82.jpg,304,314,370,455,Person
/home/msadegh/workspace/embedded_project/tracker/precarious_dataset/train/456.jpg,214,215,366,647,Person
/home/msadegh/workspace/embedded_project/tracker/precarious_dataset/train/686.jpg,371,94,663,425,Person
/home/msadegh/workspace/embedded_project/tracker/precarious_dataset/train/282.jpg,414,248,536,434,Person
/home/msadegh/workspace/embedded_project/tracker/precarious_dataset/train/282.jpg,608,245,779,481,Person
/home/msadegh/workspace/embedded_project/tracker/precarious_dataset/train/222.jpg,58,235,310,580,Person
/home/msadegh/workspace/embedded_project/tracker/precarious_dataset/train/222.jpg,308,245,504,592,Person
/home/msadegh/workspace/embedded_project/tracker/precarious_dataset/train/408.jpg,375,66,548,411,Person
/home/msadegh/workspace/embedded_project/tracker/precarious_dataset/train/408.jpg,669,172,799,398,Person
/home/msadegh/workspace/embedded_project/tracker/precarious_dataset/train/934.jpg,350,191,588,509,Person
/home/msadegh/workspace/embedded_project/tracker/precarious_dataset/train/420.jpg,221,137,414,467,Person
/home/msadegh/workspace/embedded_project/tracker/precarious_dataset/train/420.jpg,699,138,846,491,Person
/home/msadegh/workspace/embedded_project/tracker/precarious_dataset/train/224.jpg,442,474,591,696,Person
/home/msadegh/workspace/embedded_project/tracker/precarious_dataset/train/194.jpg,399,384,480,575,Person
/home/msadegh/workspace/embedded_project/tracker/precarious_dataset/train/194.jpg,448,337,571,575,Person
/home/msadegh/workspace/embedded_project/tracker/precarious_dataset/train/348.jpg,122,335,159,561,Person
/home/msadegh/workspace/embedded_project/tracker/precarious_dataset/train/348.jpg,147,347,227,590,Person
/home/msadegh/workspace/embedded_project/tracker/precarious_dataset/train/348.jpg,302,392,408,645,Person
/home/msadegh/workspace/embedded_project/tracker/precarious_dataset/train/348.jpg,396,289,506,674,Person
/home/msadegh/workspace/embedded_project/tracker/precarious_dataset/train/348.jpg,509,402,599,675,Person
/home/msadegh/workspace/embedded_project/tracker/precarious_dataset/train/348.jpg,595,449,685,693,Person
/home/msadegh/workspace/embedded_project/tracker/precarious_dataset/train/348.jpg,669,416,781,689,Person
/home/msadegh/workspace/embedded_project/tracker/precarious_dataset/train/470.jpg,310,163,590,390,Person
/home/msadegh/workspace/embedded_project/tracker/precarious_dataset/train/214.jpg,528,197,653,443,Person
/home/msadegh/workspace/embedded_project/tracker/precarious_dataset/train/816.jpg,85,342,169,624,Person
/home/msadegh/workspace/embedded_project/tracker/precarious_dataset/train/152.jpg,632,295,696,421,Person
/home/msadegh/workspace/embedded_project/tracker/precarious_dataset/train/24.jpg,375,176,557,493,Person
/home/msadegh/workspace/embedded_project/tracker/precarious_dataset/train/202.jpg,546,214,685,415,Person
/home/msadegh/workspace/embedded_project/tracker/precarious_dataset/train/64.jpg,230,69,278,178,Person
/home/msadegh/workspace/embedded_project/tracker/precarious_dataset/train/64.jpg,190,103,242,173,Person
/home/msadegh/workspace/embedded_project/tracker/precarious_dataset/train/64.jpg,275,109,468,398,Person
/home/msadegh/workspace/embedded_project/tracker/precarious_dataset/train/64.jpg,431,104,551,399,Person
/home/msadegh/workspace/embedded_project/tracker/precarious_dataset/train/64.jpg,610,105,714,338,Person
/home/msadegh/workspace/embedded_project/tracker/precarious_dataset/train/526.jpg,729,467,808,585,Person
/home/msadegh/workspace/embedded_project/tracker/precarious_dataset/train/630.jpg,330,250,576,467,Person
/home/msadegh/workspace/embedded_project/tracker/precarious_dataset/train/304.jpg,495,303,583,614,Person
/home/msadegh/workspace/embedded_project/tracker/precarious_dataset/train/352.jpg,237,261,330,515,Person
/home/msadegh/workspace/embedded_project/tracker/precarious_dataset/train/186.jpg,206,453,275,601,Person
/home/msadegh/workspace/embedded_project/tracker/precarious_dataset/train/548.jpg,246,245,346,434,Person
/home/msadegh/workspace/embedded_project/tracker/precarious_dataset/train/548.jpg,432,324,485,411,Person
/home/msadegh/workspace/embedded_project/tracker/precarious_dataset/train/548.jpg,614,220,832,549,Person
/home/msadegh/workspace/embedded_project/tracker/precarious_dataset/train/576.jpg,441,328,633,540,Person
/home/msadegh/workspace/embedded_project/tracker/precarious_dataset/train/518.jpg,532,436,634,615,Person
/home/msadegh/workspace/embedded_project/tracker/precarious_dataset/train/604.jpg,381,466,561,673,Person
/home/msadegh/workspace/embedded_project/tracker/precarious_dataset/train/508.jpg,327,132,540,421,Person
/home/msadegh/workspace/embedded_project/tracker/precarious_dataset/train/254.jpg,145,188,256,461,Person
/home/msadegh/workspace/embedded_project/tracker/precarious_dataset/train/254.jpg,272,170,434,596,Person
/home/msadegh/workspace/embedded_project/tracker/precarious_dataset/train/254.jpg,398,177,534,591,Person
/home/msadegh/workspace/embedded_project/tracker/precarious_dataset/train/872.jpg,536,35,796,355,Person
/home/msadegh/workspace/embedded_project/tracker/precarious_dataset/train/394.jpg,502,138,630,451,Person
/home/msadegh/workspace/embedded_project/tracker/precarious_dataset/train/44.jpg,387,151,641,479,Person
/home/msadegh/workspace/embedded_project/tracker/precarious_dataset/train/930.jpg,242,376,282,456,Person
/home/msadegh/workspace/embedded_project/tracker/precarious_dataset/train/426.jpg,363,92,509,442,Person
/home/msadegh/workspace/embedded_project/tracker/precarious_dataset/train/30.jpg,355,245,601,550,Person
/home/msadegh/workspace/embedded_project/tracker/precarious_dataset/train/414.jpg,176,198,287,450,Person
/home/msadegh/workspace/embedded_project/tracker/precarious_dataset/train/414.jpg,452,217,536,381,Person
/home/msadegh/workspace/embedded_project/tracker/precarious_dataset/train/948.jpg,505,426,587,604,Person
/home/msadegh/workspace/embedded_project/tracker/precarious_dataset/train/148.jpg,335,329,473,654,Person
/home/msadegh/workspace/embedded_project/tracker/precarious_dataset/train/148.jpg,469,315,646,683,Person
/home/msadegh/workspace/embedded_project/tracker/precarious_dataset/train/90.jpg,492,230,595,546,Person
/home/msadegh/workspace/embedded_project/tracker/precarious_dataset/train/90.jpg,729,195,829,376,Person
/home/msadegh/workspace/embedded_project/tracker/precarious_dataset/train/90.jpg,190,278,214,340,Person
/home/msadegh/workspace/embedded_project/tracker/precarious_dataset/train/90.jpg,171,276,192,339,Person
/home/msadegh/workspace/embedded_project/tracker/precarious_dataset/train/704.jpg,242,355,345,610,Person
/home/msadegh/workspace/embedded_project/tracker/precarious_dataset/train/704.jpg,408,364,500,640,Person
/home/msadegh/workspace/embedded_project/tracker/precarious_dataset/train/156.jpg,401,269,507,512,Person
/home/msadegh/workspace/embedded_project/tracker/precarious_dataset/train/156.jpg,515,298,614,517,Person
/home/msadegh/workspace/embedded_project/tracker/precarious_dataset/train/156.jpg,524,227,621,430,Person
/home/msadegh/workspace/embedded_project/tracker/precarious_dataset/train/156.jpg,756,240,860,470,Person
/home/msadegh/workspace/embedded_project/tracker/precarious_dataset/train/448.jpg,230,33,387,482,Person
/home/msadegh/workspace/embedded_project/tracker/precarious_dataset/train/496.jpg,391,281,459,433,Person
/home/msadegh/workspace/embedded_project/tracker/precarious_dataset/train/280.jpg,434,277,539,455,Person
/home/msadegh/workspace/embedded_project/tracker/precarious_dataset/train/374.jpg,444,62,624,321,Person
/home/msadegh/workspace/embedded_project/tracker/precarious_dataset/train/722.jpg,414,262,507,451,Person
/home/msadegh/workspace/embedded_project/tracker/precarious_dataset/train/766.jpg,217,267,422,548,Person
/home/msadegh/workspace/embedded_project/tracker/precarious_dataset/train/332.jpg,346,182,497,557,Person
/home/msadegh/workspace/embedded_project/tracker/precarious_dataset/train/332.jpg,507,192,651,570,Person
/home/msadegh/workspace/embedded_project/tracker/precarious_dataset/train/346.jpg,318,199,555,494,Person
/home/msadegh/workspace/embedded_project/tracker/precarious_dataset/train/176.jpg,207,196,551,652,Person
/home/msadegh/workspace/embedded_project/tracker/precarious_dataset/train/266.jpg,36,94,184,340,Person
/home/msadegh/workspace/embedded_project/tracker/precarious_dataset/train/266.jpg,205,118,302,296,Person
/home/msadegh/workspace/embedded_project/tracker/precarious_dataset/train/362.jpg,363,160,462,508,Person
/home/msadegh/workspace/embedded_project/tracker/precarious_dataset/train/362.jpg,440,116,549,443,Person
/home/msadegh/workspace/embedded_project/tracker/precarious_dataset/train/362.jpg,554,139,670,412,Person
/home/msadegh/workspace/embedded_project/tracker/precarious_dataset/train/362.jpg,675,154,758,496,Person
/home/msadegh/workspace/embedded_project/tracker/precarious_dataset/train/732.jpg,457,349,648,594,Person
/home/msadegh/workspace/embedded_project/tracker/precarious_dataset/train/278.jpg,293,108,435,393,Person
/home/msadegh/workspace/embedded_project/tracker/precarious_dataset/train/892.jpg,459,243,518,309,Person
/home/msadegh/workspace/embedded_project/tracker/precarious_dataset/train/742.jpg,213,78,315,221,Person
/home/msadegh/workspace/embedded_project/tracker/precarious_dataset/train/510.jpg,448,228,619,587,Person
/home/msadegh/workspace/embedded_project/tracker/precarious_dataset/train/510.jpg,622,258,762,524,Person
/home/msadegh/workspace/embedded_project/tracker/precarious_dataset/train/536.jpg,555,62,758,361,Person
/home/msadegh/workspace/embedded_project/tracker/precarious_dataset/train/472.jpg,492,227,576,506,Person
/home/msadegh/workspace/embedded_project/tracker/precarious_dataset/train/472.jpg,658,257,780,583,Person
/home/msadegh/workspace/embedded_project/tracker/precarious_dataset/train/644.jpg,438,358,549,522,Person
/home/msadegh/workspace/embedded_project/tracker/precarious_dataset/train/746.jpg,415,291,551,590,Person
/home/msadegh/workspace/embedded_project/tracker/precarious_dataset/train/228.jpg,359,292,433,469,Person
/home/msadegh/workspace/embedded_project/tracker/precarious_dataset/train/228.jpg,410,337,489,480,Person
/home/msadegh/workspace/embedded_project/tracker/precarious_dataset/train/812.jpg,291,105,417,513,Person
/home/msadegh/workspace/embedded_project/tracker/precarious_dataset/train/812.jpg,462,226,485,262,Person
/home/msadegh/workspace/embedded_project/tracker/precarious_dataset/train/296.jpg,215,238,341,464,Person
/home/msadegh/workspace/embedded_project/tracker/precarious_dataset/train/744.jpg,273,342,379,500,Person
/home/msadegh/workspace/embedded_project/tracker/precarious_dataset/train/620.jpg,304,165,456,356,Person
/home/msadegh/workspace/embedded_project/tracker/precarious_dataset/train/564.jpg,179,172,293,481,Person
/home/msadegh/workspace/embedded_project/tracker/precarious_dataset/train/876.jpg,428,110,705,482,Person
/home/msadegh/workspace/embedded_project/tracker/precarious_dataset/train/316.jpg,454,177,539,388,Person
/home/msadegh/workspace/embedded_project/tracker/precarious_dataset/train/794.jpg,264,121,428,434,Person
/home/msadegh/workspace/embedded_project/tracker/precarious_dataset/train/544.jpg,372,105,483,351,Person
/home/msadegh/workspace/embedded_project/tracker/precarious_dataset/train/544.jpg,507,142,582,336,Person
/home/msadegh/workspace/embedded_project/tracker/precarious_dataset/train/570.jpg,277,154,511,397,Person
/home/msadegh/workspace/embedded_project/tracker/precarious_dataset/train/906.jpg,455,296,534,449,Person
/home/msadegh/workspace/embedded_project/tracker/precarious_dataset/train/750.jpg,349,261,496,460,Person
/home/msadegh/workspace/embedded_project/tracker/precarious_dataset/train/832.jpg,426,376,561,658,Person
/home/msadegh/workspace/embedded_project/tracker/precarious_dataset/train/692.jpg,238,275,546,612,Person
/home/msadegh/workspace/embedded_project/tracker/precarious_dataset/train/530.jpg,257,382,489,717,Person
/home/msadegh/workspace/embedded_project/tracker/precarious_dataset/train/72.jpg,33,240,144,564,Person
/home/msadegh/workspace/embedded_project/tracker/precarious_dataset/train/72.jpg,307,237,577,601,Person
/home/msadegh/workspace/embedded_project/tracker/precarious_dataset/train/72.jpg,583,253,743,607,Person
/home/msadegh/workspace/embedded_project/tracker/precarious_dataset/train/886.jpg,375,212,424,337,Person
/home/msadegh/workspace/embedded_project/tracker/precarious_dataset/train/886.jpg,409,219,444,344,Person
/home/msadegh/workspace/embedded_project/tracker/precarious_dataset/train/162.jpg,377,324,487,630,Person
/home/msadegh/workspace/embedded_project/tracker/precarious_dataset/train/244.jpg,109,252,238,561,Person
/home/msadegh/workspace/embedded_project/tracker/precarious_dataset/train/244.jpg,320,294,380,496,Person
/home/msadegh/workspace/embedded_project/tracker/precarious_dataset/train/244.jpg,362,293,449,500,Person
/home/msadegh/workspace/embedded_project/tracker/precarious_dataset/train/368.jpg,396,309,519,602,Person
/home/msadegh/workspace/embedded_project/tracker/precarious_dataset/train/368.jpg,510,257,661,596,Person
/home/msadegh/workspace/embedded_project/tracker/precarious_dataset/train/494.jpg,340,222,468,477,Person
/home/msadegh/workspace/embedded_project/tracker/precarious_dataset/train/494.jpg,619,188,771,484,Person
/home/msadegh/workspace/embedded_project/tracker/precarious_dataset/train/856.jpg,300,319,474,491,Person
/home/msadegh/workspace/embedded_project/tracker/precarious_dataset/train/856.jpg,562,301,612,455,Person
/home/msadegh/workspace/embedded_project/tracker/precarious_dataset/train/170.jpg,141,348,400,708,Person
/home/msadegh/workspace/embedded_project/tracker/precarious_dataset/train/170.jpg,370,310,586,700,Person
/home/msadegh/workspace/embedded_project/tracker/precarious_dataset/train/726.jpg,522,254,587,386,Person
/home/msadegh/workspace/embedded_project/tracker/precarious_dataset/train/86.jpg,616,209,782,545,Person
/home/msadegh/workspace/embedded_project/tracker/precarious_dataset/train/86.jpg,760,370,890,548,Person
/home/msadegh/workspace/embedded_project/tracker/precarious_dataset/train/442.jpg,340,293,559,515,Person
/home/msadegh/workspace/embedded_project/tracker/precarious_dataset/train/42.jpg,12,61,91,220,Person
/home/msadegh/workspace/embedded_project/tracker/precarious_dataset/train/42.jpg,199,172,517,595,Person
/home/msadegh/workspace/embedded_project/tracker/precarious_dataset/train/488.jpg,326,222,603,653,Person
/home/msadegh/workspace/embedded_project/tracker/precarious_dataset/train/736.jpg,410,166,536,362,Person
/home/msadegh/workspace/embedded_project/tracker/precarious_dataset/train/204.jpg,218,293,300,461,Person
/home/msadegh/workspace/embedded_project/tracker/precarious_dataset/train/204.jpg,357,490,466,658,Person
/home/msadegh/workspace/embedded_project/tracker/precarious_dataset/train/52.jpg,217,172,412,539,Person
/home/msadegh/workspace/embedded_project/tracker/precarious_dataset/train/350.jpg,452,296,541,634,Person
/home/msadegh/workspace/embedded_project/tracker/precarious_dataset/train/350.jpg,515,303,640,648,Person
/home/msadegh/workspace/embedded_project/tracker/precarious_dataset/train/16.jpg,218,100,515,414,Person
/home/msadegh/workspace/embedded_project/tracker/precarious_dataset/train/936.jpg,564,213,642,370,Person
/home/msadegh/workspace/embedded_project/tracker/precarious_dataset/train/850.jpg,244,224,300,369,Person
/home/msadegh/workspace/embedded_project/tracker/precarious_dataset/train/458.jpg,527,284,614,569,Person
/home/msadegh/workspace/embedded_project/tracker/precarious_dataset/train/458.jpg,773,346,870,560,Person
/home/msadegh/workspace/embedded_project/tracker/precarious_dataset/train/520.jpg,414,218,578,446,Person
/home/msadegh/workspace/embedded_project/tracker/precarious_dataset/train/154.jpg,479,192,541,400,Person
/home/msadegh/workspace/embedded_project/tracker/precarious_dataset/train/154.jpg,527,194,611,403,Person
/home/msadegh/workspace/embedded_project/tracker/precarious_dataset/train/154.jpg,592,179,673,408,Person
/home/msadegh/workspace/embedded_project/tracker/precarious_dataset/train/118.jpg,417,223,506,472,Person
/home/msadegh/workspace/embedded_project/tracker/precarious_dataset/train/118.jpg,516,87,647,470,Person
/home/msadegh/workspace/embedded_project/tracker/precarious_dataset/train/118.jpg,648,162,769,473,Person
/home/msadegh/workspace/embedded_project/tracker/precarious_dataset/train/804.jpg,551,207,818,577,Person
/home/msadegh/workspace/embedded_project/tracker/precarious_dataset/train/540.jpg,379,432,423,517,Person
/home/msadegh/workspace/embedded_project/tracker/precarious_dataset/train/540.jpg,449,439,490,540,Person
/home/msadegh/workspace/embedded_project/tracker/precarious_dataset/train/208.jpg,255,504,314,626,Person
/home/msadegh/workspace/embedded_project/tracker/precarious_dataset/train/208.jpg,520,515,579,615,Person
/home/msadegh/workspace/embedded_project/tracker/precarious_dataset/train/208.jpg,601,498,648,600,Person
/home/msadegh/workspace/embedded_project/tracker/precarious_dataset/train/612.jpg,519,85,697,445,Person
/home/msadegh/workspace/embedded_project/tracker/precarious_dataset/train/376.jpg,421,136,677,570,Person
/home/msadegh/workspace/embedded_project/tracker/precarious_dataset/train/142.jpg,425,298,586,457,Person
/home/msadegh/workspace/embedded_project/tracker/precarious_dataset/train/602.jpg,184,277,422,596,Person
/home/msadegh/workspace/embedded_project/tracker/precarious_dataset/train/130.jpg,257,186,417,458,Person
/home/msadegh/workspace/embedded_project/tracker/precarious_dataset/train/884.jpg,364,269,623,570,Person
/home/msadegh/workspace/embedded_project/tracker/precarious_dataset/train/94.jpg,146,189,175,274,Person
/home/msadegh/workspace/embedded_project/tracker/precarious_dataset/train/94.jpg,175,193,196,259,Person
/home/msadegh/workspace/embedded_project/tracker/precarious_dataset/train/94.jpg,522,196,570,313,Person
/home/msadegh/workspace/embedded_project/tracker/precarious_dataset/train/94.jpg,646,187,696,309,Person
/home/msadegh/workspace/embedded_project/tracker/precarious_dataset/train/10.jpg,327,157,802,591,Person
/home/msadegh/workspace/embedded_project/tracker/precarious_dataset/train/326.jpg,419,139,514,432,Person
/home/msadegh/workspace/embedded_project/tracker/precarious_dataset/train/326.jpg,525,131,637,425,Person
/home/msadegh/workspace/embedded_project/tracker/precarious_dataset/train/450.jpg,429,181,516,386,Person
/home/msadegh/workspace/embedded_project/tracker/precarious_dataset/train/450.jpg,523,106,675,411,Person
/home/msadegh/workspace/embedded_project/tracker/precarious_dataset/train/542.jpg,558,125,756,392,Person
/home/msadegh/workspace/embedded_project/tracker/precarious_dataset/train/752.jpg,582,117,700,334,Person
/home/msadegh/workspace/embedded_project/tracker/precarious_dataset/train/782.jpg,249,261,424,493,Person
/home/msadegh/workspace/embedded_project/tracker/precarious_dataset/train/888.jpg,421,252,524,373,Person
/home/msadegh/workspace/embedded_project/tracker/precarious_dataset/train/108.jpg,135,329,282,635,Person
/home/msadegh/workspace/embedded_project/tracker/precarious_dataset/train/904.jpg,255,332,325,471,Person
/home/msadegh/workspace/embedded_project/tracker/precarious_dataset/train/128.jpg,408,123,665,512,Person
/home/msadegh/workspace/embedded_project/tracker/precarious_dataset/train/230.jpg,154,219,338,516,Person
/home/msadegh/workspace/embedded_project/tracker/precarious_dataset/train/230.jpg,465,182,670,521,Person
/home/msadegh/workspace/embedded_project/tracker/precarious_dataset/train/770.jpg,488,170,644,360,Person
/home/msadegh/workspace/embedded_project/tracker/precarious_dataset/train/386.jpg,310,172,456,408,Person
/home/msadegh/workspace/embedded_project/tracker/precarious_dataset/train/680.jpg,503,145,632,326,Person
/home/msadegh/workspace/embedded_project/tracker/precarious_dataset/train/680.jpg,616,144,760,362,Person
/home/msadegh/workspace/embedded_project/tracker/precarious_dataset/train/600.jpg,554,60,678,297,Person
/home/msadegh/workspace/embedded_project/tracker/precarious_dataset/train/298.jpg,518,318,646,573,Person
/home/msadegh/workspace/embedded_project/tracker/precarious_dataset/train/58.jpg,559,396,615,558,Person
/home/msadegh/workspace/embedded_project/tracker/precarious_dataset/train/382.jpg,269,378,405,579,Person
/home/msadegh/workspace/embedded_project/tracker/precarious_dataset/train/382.jpg,430,378,559,598,Person
/home/msadegh/workspace/embedded_project/tracker/precarious_dataset/train/216.jpg,428,301,515,452,Person
/home/msadegh/workspace/embedded_project/tracker/precarious_dataset/train/216.jpg,475,218,601,439,Person
/home/msadegh/workspace/embedded_project/tracker/precarious_dataset/train/478.jpg,242,299,398,554,Person
/home/msadegh/workspace/embedded_project/tracker/precarious_dataset/train/478.jpg,568,269,770,630,Person
/home/msadegh/workspace/embedded_project/tracker/precarious_dataset/train/412.jpg,377,293,537,599,Person
/home/msadegh/workspace/embedded_project/tracker/precarious_dataset/train/628.jpg,311,224,552,536,Person
/home/msadegh/workspace/embedded_project/tracker/precarious_dataset/train/560.jpg,295,328,518,652,Person
/home/msadegh/workspace/embedded_project/tracker/precarious_dataset/train/902.jpg,484,400,543,477,Person
/home/msadegh/workspace/embedded_project/tracker/precarious_dataset/train/634.jpg,277,403,331,487,Person
/home/msadegh/workspace/embedded_project/tracker/precarious_dataset/train/634.jpg,336,381,376,568,Person
/home/msadegh/workspace/embedded_project/tracker/precarious_dataset/train/598.jpg,395,302,538,642,Person
/home/msadegh/workspace/embedded_project/tracker/precarious_dataset/train/898.jpg,767,105,878,390,Person
/home/msadegh/workspace/embedded_project/tracker/precarious_dataset/train/322.jpg,405,257,574,651,Person
/home/msadegh/workspace/embedded_project/tracker/precarious_dataset/train/102.jpg,270,105,375,453,Person
/home/msadegh/workspace/embedded_project/tracker/precarious_dataset/train/102.jpg,228,131,490,491,Person
/home/msadegh/workspace/embedded_project/tracker/precarious_dataset/train/102.jpg,472,48,664,484,Person
/home/msadegh/workspace/embedded_project/tracker/precarious_dataset/train/788.jpg,275,74,448,460,Person
/home/msadegh/workspace/embedded_project/tracker/precarious_dataset/train/822.jpg,483,237,689,494,Person
/home/msadegh/workspace/embedded_project/tracker/precarious_dataset/train/36.jpg,414,156,588,461,Person
/home/msadegh/workspace/embedded_project/tracker/precarious_dataset/train/172.jpg,222,213,455,630,Person
/home/msadegh/workspace/embedded_project/tracker/precarious_dataset/train/172.jpg,623,287,841,663,Person
/home/msadegh/workspace/embedded_project/tracker/precarious_dataset/train/158.jpg,76,171,300,536,Person
/home/msadegh/workspace/embedded_project/tracker/precarious_dataset/train/158.jpg,303,122,501,536,Person
/home/msadegh/workspace/embedded_project/tracker/precarious_dataset/train/122.jpg,484,98,717,559,Person
/home/msadegh/workspace/embedded_project/tracker/precarious_dataset/train/190.jpg,37,148,176,384,Person
/home/msadegh/workspace/embedded_project/tracker/precarious_dataset/train/190.jpg,283,122,397,369,Person
/home/msadegh/workspace/embedded_project/tracker/precarious_dataset/train/190.jpg,461,110,632,401,Person
/home/msadegh/workspace/embedded_project/tracker/precarious_dataset/train/938.jpg,369,425,438,540,Person
/home/msadegh/workspace/embedded_project/tracker/precarious_dataset/train/88.jpg,376,303,427,424,Person
/home/msadegh/workspace/embedded_project/tracker/precarious_dataset/train/392.jpg,417,152,490,270,Person
/home/msadegh/workspace/embedded_project/tracker/precarious_dataset/train/796.jpg,185,320,367,601,Person
/home/msadegh/workspace/embedded_project/tracker/precarious_dataset/train/174.jpg,343,294,617,502,Person
/home/msadegh/workspace/embedded_project/tracker/precarious_dataset/train/174.jpg,592,283,852,600,Person
/home/msadegh/workspace/embedded_project/tracker/precarious_dataset/train/400.jpg,337,370,450,597,Person
/home/msadegh/workspace/embedded_project/tracker/precarious_dataset/train/596.jpg,439,199,620,592,Person
/home/msadegh/workspace/embedded_project/tracker/precarious_dataset/train/784.jpg,417,95,552,373,Person
/home/msadegh/workspace/embedded_project/tracker/precarious_dataset/train/784.jpg,592,130,671,356,Person
/home/msadegh/workspace/embedded_project/tracker/precarious_dataset/train/302.jpg,509,405,595,590,Person
/home/msadegh/workspace/embedded_project/tracker/precarious_dataset/train/640.jpg,299,307,421,494,Person
/home/msadegh/workspace/embedded_project/tracker/precarious_dataset/train/318.jpg,581,328,699,635,Person
/home/msadegh/workspace/embedded_project/tracker/precarious_dataset/train/830.jpg,590,197,745,411,Person
/home/msadegh/workspace/embedded_project/tracker/precarious_dataset/train/246.jpg,426,301,460,389,Person
/home/msadegh/workspace/embedded_project/tracker/precarious_dataset/train/38.jpg,246,210,395,499,Person
/home/msadegh/workspace/embedded_project/tracker/precarious_dataset/train/38.jpg,182,31,325,219,Person
/home/msadegh/workspace/embedded_project/tracker/precarious_dataset/train/390.jpg,621,509,703,649,Person
/home/msadegh/workspace/embedded_project/tracker/precarious_dataset/train/590.jpg,197,345,371,622,Person
/home/msadegh/workspace/embedded_project/tracker/precarious_dataset/train/590.jpg,580,277,658,602,Person
/home/msadegh/workspace/embedded_project/tracker/precarious_dataset/train/590.jpg,623,277,713,438,Person
/home/msadegh/workspace/embedded_project/tracker/precarious_dataset/train/678.jpg,309,315,419,487,Person
/home/msadegh/workspace/embedded_project/tracker/precarious_dataset/train/404.jpg,192,209,344,510,Person
/home/msadegh/workspace/embedded_project/tracker/precarious_dataset/train/404.jpg,365,135,529,561,Person
/home/msadegh/workspace/embedded_project/tracker/precarious_dataset/train/762.jpg,451,191,715,531,Person
/home/msadegh/workspace/embedded_project/tracker/precarious_dataset/train/780.jpg,298,269,481,463,Person
/home/msadegh/workspace/embedded_project/tracker/precarious_dataset/train/624.jpg,374,326,456,504,Person
/home/msadegh/workspace/embedded_project/tracker/precarious_dataset/train/32.jpg,204,165,629,611,Person
/home/msadegh/workspace/embedded_project/tracker/precarious_dataset/train/950.jpg,394,344,484,576,Person
/home/msadegh/workspace/embedded_project/tracker/precarious_dataset/train/284.jpg,445,194,580,494,Person
/home/msadegh/workspace/embedded_project/tracker/precarious_dataset/train/284.jpg,530,131,692,493,Person
/home/msadegh/workspace/embedded_project/tracker/precarious_dataset/train/664.jpg,260,383,443,616,Person
/home/msadegh/workspace/embedded_project/tracker/precarious_dataset/train/136.jpg,455,311,565,561,Person
/home/msadegh/workspace/embedded_project/tracker/precarious_dataset/train/136.jpg,607,326,702,554,Person
/home/msadegh/workspace/embedded_project/tracker/precarious_dataset/train/444.jpg,369,212,450,576,Person
/home/msadegh/workspace/embedded_project/tracker/precarious_dataset/train/444.jpg,471,206,672,613,Person
/home/msadegh/workspace/embedded_project/tracker/precarious_dataset/train/20.jpg,661,117,741,400,Person
/home/msadegh/workspace/embedded_project/tracker/precarious_dataset/train/342.jpg,223,195,295,476,Person
/home/msadegh/workspace/embedded_project/tracker/precarious_dataset/train/342.jpg,359,187,527,467,Person
/home/msadegh/workspace/embedded_project/tracker/precarious_dataset/train/342.jpg,528,153,670,476,Person
/home/msadegh/workspace/embedded_project/tracker/precarious_dataset/train/342.jpg,729,184,873,455,Person
/home/msadegh/workspace/embedded_project/tracker/precarious_dataset/train/452.jpg,384,314,491,639,Person
/home/msadegh/workspace/embedded_project/tracker/precarious_dataset/train/310.jpg,359,274,469,594,Person
/home/msadegh/workspace/embedded_project/tracker/precarious_dataset/train/696.jpg,272,104,374,342,Person
/home/msadegh/workspace/embedded_project/tracker/precarious_dataset/train/270.jpg,115,171,354,655,Person
/home/msadegh/workspace/embedded_project/tracker/precarious_dataset/train/270.jpg,419,217,606,685,Person
/home/msadegh/workspace/embedded_project/tracker/precarious_dataset/train/824.jpg,525,273,611,489,Person
/home/msadegh/workspace/embedded_project/tracker/precarious_dataset/train/660.jpg,494,396,595,558,Person
/home/msadegh/workspace/embedded_project/tracker/precarious_dataset/train/226.jpg,337,130,450,356,Person
/home/msadegh/workspace/embedded_project/tracker/precarious_dataset/train/502.jpg,466,113,608,384,Person
/home/msadegh/workspace/embedded_project/tracker/precarious_dataset/train/502.jpg,646,185,739,395,Person
/home/msadegh/workspace/embedded_project/tracker/precarious_dataset/train/428.jpg,335,352,431,568,Person
/home/msadegh/workspace/embedded_project/tracker/precarious_dataset/train/428.jpg,428,463,440,495,Person
/home/msadegh/workspace/embedded_project/tracker/precarious_dataset/train/428.jpg,441,464,453,495,Person
/home/msadegh/workspace/embedded_project/tracker/precarious_dataset/train/428.jpg,498,461,517,495,Person
/home/msadegh/workspace/embedded_project/tracker/precarious_dataset/train/754.jpg,520,87,630,222,Person
/home/msadegh/workspace/embedded_project/tracker/precarious_dataset/train/430.jpg,268,185,450,580,Person
/home/msadegh/workspace/embedded_project/tracker/precarious_dataset/train/418.jpg,449,118,662,543,Person
/home/msadegh/workspace/embedded_project/tracker/precarious_dataset/train/588.jpg,410,165,467,280,Person
/home/msadegh/workspace/embedded_project/tracker/precarious_dataset/train/874.jpg,367,296,703,644,Person
/home/msadegh/workspace/embedded_project/tracker/precarious_dataset/train/378.jpg,453,256,566,456,Person
/home/msadegh/workspace/embedded_project/tracker/precarious_dataset/train/434.jpg,305,331,465,555,Person
/home/msadegh/workspace/embedded_project/tracker/precarious_dataset/train/192.jpg,243,141,344,387,Person
/home/msadegh/workspace/embedded_project/tracker/precarious_dataset/train/682.jpg,442,116,628,365,Person
/home/msadegh/workspace/embedded_project/tracker/precarious_dataset/train/914.jpg,509,227,615,429,Person
/home/msadegh/workspace/embedded_project/tracker/precarious_dataset/train/626.jpg,238,294,352,416,Person
/home/msadegh/workspace/embedded_project/tracker/precarious_dataset/train/926.jpg,403,93,524,306,Person
/home/msadegh/workspace/embedded_project/tracker/precarious_dataset/train/210.jpg,433,317,631,646,Person
/home/msadegh/workspace/embedded_project/tracker/precarious_dataset/train/818.jpg,216,150,518,521,Person
/home/msadegh/workspace/embedded_project/tracker/precarious_dataset/train/290.jpg,339,249,397,374,Person
/home/msadegh/workspace/embedded_project/tracker/precarious_dataset/train/864.jpg,344,410,425,469,Person
/home/msadegh/workspace/embedded_project/tracker/precarious_dataset/train/864.jpg,445,386,505,478,Person
/home/msadegh/workspace/embedded_project/tracker/precarious_dataset/train/462.jpg,437,79,651,457,Person
/home/msadegh/workspace/embedded_project/tracker/precarious_dataset/train/234.jpg,486,283,556,506,Person
/home/msadegh/workspace/embedded_project/tracker/precarious_dataset/train/234.jpg,553,276,608,504,Person
/home/msadegh/workspace/embedded_project/tracker/precarious_dataset/train/798.jpg,236,297,426,583,Person
/home/msadegh/workspace/embedded_project/tracker/precarious_dataset/train/798.jpg,483,326,620,563,Person
/home/msadegh/workspace/embedded_project/tracker/precarious_dataset/train/618.jpg,193,133,399,418,Person
/home/msadegh/workspace/embedded_project/tracker/precarious_dataset/train/756.jpg,82,21,325,409,Person
/home/msadegh/workspace/embedded_project/tracker/precarious_dataset/train/84.jpg,497,324,552,460,Person
/home/msadegh/workspace/embedded_project/tracker/precarious_dataset/train/84.jpg,638,339,653,371,Person
/home/msadegh/workspace/embedded_project/tracker/precarious_dataset/train/84.jpg,384,332,400,359,Person
/home/msadegh/workspace/embedded_project/tracker/precarious_dataset/train/702.jpg,355,190,467,482,Person
/home/msadegh/workspace/embedded_project/tracker/precarious_dataset/train/114.jpg,369,138,611,540,Person
/home/msadegh/workspace/embedded_project/tracker/precarious_dataset/train/344.jpg,472,387,554,593,Person
/home/msadegh/workspace/embedded_project/tracker/precarious_dataset/train/98.jpg,398,153,533,450,Person
/home/msadegh/workspace/embedded_project/tracker/precarious_dataset/train/98.jpg,562,183,613,358,Person
/home/msadegh/workspace/embedded_project/tracker/precarious_dataset/train/98.jpg,742,178,776,293,Person
/home/msadegh/workspace/embedded_project/tracker/precarious_dataset/train/98.jpg,762,172,808,289,Person
/home/msadegh/workspace/embedded_project/tracker/precarious_dataset/train/98.jpg,871,183,923,277,Person
/home/msadegh/workspace/embedded_project/tracker/precarious_dataset/train/236.jpg,292,441,504,717,Person
/home/msadegh/workspace/embedded_project/tracker/precarious_dataset/train/498.jpg,306,172,514,551,Person
/home/msadegh/workspace/embedded_project/tracker/precarious_dataset/train/854.jpg,455,313,604,470,Person
/home/msadegh/workspace/embedded_project/tracker/precarious_dataset/train/854.jpg,551,283,601,441,Person
/home/msadegh/workspace/embedded_project/tracker/precarious_dataset/train/842.jpg,575,181,608,253,Person
/home/msadegh/workspace/embedded_project/tracker/precarious_dataset/train/842.jpg,603,191,631,255,Person
/home/msadegh/workspace/embedded_project/tracker/precarious_dataset/train/538.jpg,585,328,729,622,Person
/home/msadegh/workspace/embedded_project/tracker/precarious_dataset/train/538.jpg,835,373,947,577,Person
/home/msadegh/workspace/embedded_project/tracker/precarious_dataset/train/738.jpg,318,387,437,502,Person
/home/msadegh/workspace/embedded_project/tracker/precarious_dataset/train/250.jpg,239,138,431,546,Person
/home/msadegh/workspace/embedded_project/tracker/precarious_dataset/train/250.jpg,491,118,671,527,Person
/home/msadegh/workspace/embedded_project/tracker/precarious_dataset/train/250.jpg,684,98,873,525,Person
/home/msadegh/workspace/embedded_project/tracker/precarious_dataset/train/668.jpg,595,337,688,499,Person
/home/msadegh/workspace/embedded_project/tracker/precarious_dataset/train/772.jpg,302,95,479,398,Person
/home/msadegh/workspace/embedded_project/tracker/precarious_dataset/train/772.jpg,492,85,633,373,Person
/home/msadegh/workspace/embedded_project/tracker/precarious_dataset/train/248.jpg,467,170,620,464,Person
/home/msadegh/workspace/embedded_project/tracker/precarious_dataset/train/292.jpg,311,218,406,425,Person
/home/msadegh/workspace/embedded_project/tracker/precarious_dataset/train/698.jpg,569,372,654,566,Person
/home/msadegh/workspace/embedded_project/tracker/precarious_dataset/train/288.jpg,301,288,538,509,Person
/home/msadegh/workspace/embedded_project/tracker/precarious_dataset/train/504.jpg,456,269,744,600,Person
/home/msadegh/workspace/embedded_project/tracker/precarious_dataset/train/18.jpg,398,116,603,616,Person
/home/msadegh/workspace/embedded_project/tracker/precarious_dataset/train/18.jpg,582,181,737,411,Person
/home/msadegh/workspace/embedded_project/tracker/precarious_dataset/train/126.jpg,494,255,635,492,Person
/home/msadegh/workspace/embedded_project/tracker/precarious_dataset/train/486.jpg,578,314,660,459,Person
/home/msadegh/workspace/embedded_project/tracker/precarious_dataset/train/486.jpg,630,229,749,446,Person
/home/msadegh/workspace/embedded_project/tracker/precarious_dataset/train/684.jpg,446,53,610,405,Person
/home/msadegh/workspace/embedded_project/tracker/precarious_dataset/train/338.jpg,387,149,520,448,Person
/home/msadegh/workspace/embedded_project/tracker/precarious_dataset/train/182.jpg,239,216,422,583,Person
/home/msadegh/workspace/embedded_project/tracker/precarious_dataset/train/718.jpg,368,238,624,586,Person
/home/msadegh/workspace/embedded_project/tracker/precarious_dataset/train/358.jpg,549,32,753,457,Person
